utc,monotonic_seconds,disk,read_bytes_per_second,write_bytes_per_second,idle_percent,active_percent,raw_disk_time_percent,queue_length,cpu_percent
2026-09-12T23:59:58.3884371Z,6.8964446,0 E:,0,731923,5,95,1,1,21
2026-09-12T23:59:58.3884371Z,6.8964446,1 D: C:,130119,536744,98,2,1,0,21
2026-09-13T00:00:01.0738159Z,9.5748454,0 E:,0,0,100,0,0,0,20
2026-09-13T00:00:01.0738159Z,9.5748454,1 D: C:,543148,170703,98,2,1,0,20
2026-09-13T00:00:03.6751307Z,12.176396299999999,0 E:,0,0,99,1,0,0,18
2026-09-13T00:00:03.6751307Z,12.176396299999999,1 D: C:,242728,631093,96,4,3,0,18
2026-09-13T00:00:06.2866170Z,14.787630799999999,0 E:,0,418234,45,55,1,0,18
2026-09-13T00:00:06.2866170Z,14.787630799999999,1 D: C:,0,1595485,99,1,0,0,18
2026-09-13T00:00:08.8774586Z,17.378780199999998,0 E:,0,0,99,1,0,0,40
2026-09-13T00:00:08.8774586Z,17.378780199999998,1 D: C:,186187,1908422,98,2,1,0,40
2026-09-13T00:00:11.4343302Z,19.935564199999998,0 E:,0,695600,3,97,3,1,20
2026-09-13T00:00:11.4343302Z,19.935564199999998,1 D: C:,0,808837,98,2,0,0,20
2026-09-13T00:00:14.0440177Z,22.545162599999998,0 E:,0,1273287,29,71,1,1,41
2026-09-13T00:00:14.0440177Z,22.545162599999998,1 D: C:,0,63664,99,1,0,0,41
2026-09-13T00:00:16.6249373Z,25.1267471,0 E:,0,768386,2,98,7,1,35
2026-09-13T00:00:16.6249373Z,25.1267471,1 D: C:,16008,608306,99,1,0,0,35
2026-09-13T00:00:19.2226093Z,27.724529399999998,0 E:,0,674001,4,96,3,1,23
2026-09-13T00:00:19.2226093Z,27.724529399999998,1 D: C:,0,564280,99,1,0,0,23
2026-09-13T00:00:21.8046131Z,30.306602599999998,0 E:,0,676268,2,98,5,1,25
2026-09-13T00:00:21.8046131Z,30.306602599999998,1 D: C:,0,0,99,1,0,0,25
2026-09-13T00:00:24.3971227Z,32.8985161,0 E:,0,1194513,2,98,3,1,73
2026-09-13T00:00:24.3971227Z,32.8985161,1 D: C:,209846,48426,99,1,0,0,73
2026-09-13T00:00:26.9969185Z,35.4983493,0 E:,0,837697,0,100,50,5,32
2026-09-13T00:00:26.9969185Z,35.4983493,1 D: C:,124103,729107,99,1,0,0,32
2026-09-13T00:00:29.5902742Z,38.0913693,0 E:,0,888850,0,100,93,1,43
2026-09-13T00:00:29.5902742Z,38.0913693,1 D: C:,15593,62375,99,1,0,0,43
2026-09-13T00:00:32.1798308Z,40.6810447,0 E:,0,1322511,3,97,1,1,49
2026-09-13T00:00:32.1798308Z,40.6810447,1 D: C:,0,1469456,99,1,0,0,49
2026-09-13T00:00:34.8036260Z,43.3048224,0 E:,0,0,99,1,0,0,35
2026-09-13T00:00:34.8036260Z,43.3048224,1 D: C:,0,494206,99,1,0,0,35
2026-09-13T00:00:37.3949239Z,45.8961836,0 E:,0,0,100,0,0,0,26
2026-09-13T00:00:37.3949239Z,45.8961836,1 D: C:,31011,620225,99,1,0,0,26
2026-09-13T00:00:39.9984526Z,48.499694399999996,0 E:,0,0,100,0,0,0,26
2026-09-13T00:00:39.9984526Z,48.499694399999996,1 D: C:,844385,1023005,98,2,1,0,26
2026-09-13T00:00:42.6179425Z,51.119116299999995,0 E:,0,0,100,0,0,0,35
2026-09-13T00:00:42.6179425Z,51.119116299999995,1 D: C:,282629,766022,98,2,1,0,35
2026-09-13T00:00:45.1933050Z,53.6943201,0 E:,0,0,100,0,0,0,35
2026-09-13T00:00:45.1933050Z,53.6943201,1 D: C:,32166,16083,99,1,0,0,35
2026-09-13T00:00:47.7778343Z,56.279280799999995,0 E:,0,0,99,1,0,0,30
2026-09-13T00:00:47.7778343Z,56.279280799999995,1 D: C:,248467,46587,99,1,0,0,30
2026-09-13T00:00:50.3550650Z,58.8565131,0 E:,0,102243185,9,91,87,1,38
2026-09-13T00:00:50.3550650Z,58.8565131,1 D: C:,15973,527109,99,1,0,0,38
2026-09-13T00:00:52.9677055Z,61.4690692,0 E:,0,0,100,0,0,0,54
2026-09-13T00:00:52.9677055Z,61.4690692,1 D: C:,0,31998,99,1,0,0,54
2026-09-13T00:00:55.5864492Z,64.0876761,0 E:,0,693274,3,97,4,1,37
2026-09-13T00:00:55.5864492Z,64.0876761,1 D: C:,0,854500,93,7,0,1,37
2026-09-13T00:00:58.1869396Z,66.6879992,0 E:,0,0,99,1,0,0,22
2026-09-13T00:00:58.1869396Z,66.6879992,1 D: C:,46970,15656,99,1,0,0,22
2026-09-13T00:01:00.7846108Z,69.2855393,0 E:,0,32448118,0,100,518,1,23
2026-09-13T00:01:00.7846108Z,69.2855393,1 D: C:,62161,1818213,99,1,1,0,23
2026-09-13T00:01:03.3485569Z,71.8499093,0 E:,0,56891944,0,100,185,2,17
2026-09-13T00:01:03.3485569Z,71.8499093,1 D: C:,465669,8382047,97,3,2,0,17
2026-09-13T00:01:05.9815905Z,74.4827085,0 E:,0,726688,2,98,8,0,31
2026-09-13T00:01:05.9815905Z,74.4827085,1 D: C:,1033513,839761744,30,70,179,3,31
2026-09-13T00:01:08.5782185Z,77.0795456,0 E:,0,344461,0,100,261,1,22
2026-09-13T00:01:08.5782185Z,77.0795456,1 D: C:,0,125258,99,1,0,0,22
2026-09-13T00:01:11.2065866Z,79.70762549999999,0 E:,130134,1057339,1,99,117,1,40
2026-09-13T00:01:11.2065866Z,79.70762549999999,1 D: C:,0,16266,99,1,0,0,40
2026-09-13T00:01:13.7751554Z,82.2768538,0 E:,0,0,99,1,0,0,24
2026-09-13T00:01:13.7751554Z,82.2768538,1 D: C:,15779,157796,99,1,0,0,24
2026-09-13T00:01:16.3471621Z,84.8482768,0 E:,0,0,99,1,0,0,26
2026-09-13T00:01:16.3471621Z,84.8482768,1 D: C:,16003,592143,98,2,0,0,26
2026-09-13T00:01:18.9374135Z,87.4387161,0 E:,0,4608086,0,100,19,3,18
2026-09-13T00:01:18.9374135Z,87.4387161,1 D: C:,277409,0,99,1,0,0,18
2026-09-13T00:01:21.5181288Z,90.0193041,0 E:,0,70014716,0,100,101,1,24
2026-09-13T00:01:21.5181288Z,90.0193041,1 D: C:,0,479129,99,1,0,0,24
2026-09-13T00:01:24.1196581Z,92.6207323,0 E:,0,4931478,1,99,107,2,43
2026-09-13T00:01:24.1196581Z,92.6207323,1 D: C:,0,223432,99,1,0,0,43
2026-09-13T00:01:26.7033350Z,95.204656,0 E:,0,5401126,63,37,13,1,33
2026-09-13T00:01:26.7033350Z,95.204656,1 D: C:,285941,2033365,98,2,3,0,33
2026-09-13T00:01:29.2897860Z,97.7908581,0 E:,0,0,100,0,0,0,82
2026-09-13T00:01:29.2897860Z,97.7908581,1 D: C:,142330482,3250797,24,76,77,1,82
2026-09-13T00:01:31.8560301Z,100.3569493,0 E:,0,58736730,63,37,103,0,78
2026-09-13T00:01:31.8560301Z,100.3569493,1 D: C:,275911,0,99,1,0,0,78
2026-09-13T00:01:34.4439058Z,102.9450468,0 E:,0,0,0,100,0,2,31
2026-09-13T00:01:34.4439058Z,102.9450468,1 D: C:,309309,46396,99,1,0,0,31
2026-09-13T00:01:37.0766340Z,105.57799299999999,0 E:,0,151852675,1,99,472,1,29
2026-09-13T00:01:37.0766340Z,105.57799299999999,1 D: C:,0,0,99,1,0,0,29
2026-09-13T00:01:39.6599765Z,108.1614176,0 E:,0,63947718,0,100,110,8,34
2026-09-13T00:01:39.6599765Z,108.1614176,1 D: C:,0,79064,99,1,0,0,34
2026-09-13T00:01:42.2397471Z,110.74068009999999,0 E:,2668993,44868382,0,100,1365,3,35
2026-09-13T00:01:42.2397471Z,110.74068009999999,1 D: C:,0,341761,99,1,0,0,35
2026-09-13T00:01:44.8196763Z,113.32091849999999,0 E:,108719,99400511,0,100,140,2,30
2026-09-13T00:01:44.8196763Z,113.32091849999999,1 D: C:,434877,201907,99,1,0,0,30
2026-09-13T00:01:47.4163164Z,115.917352,0 E:,0,25153783,0,100,997,9,27
2026-09-13T00:01:47.4163164Z,115.917352,1 D: C:,0,96559,99,1,0,0,27
2026-09-13T00:01:50.0082478Z,118.509267,0 E:,155099,589376,5,95,16,1,25
2026-09-13T00:01:50.0082478Z,118.509267,1 D: C:,0,294688,99,1,0,0,25
2026-09-13T00:01:52.6171455Z,121.11839769999999,0 E:,0,4030350,1,99,11,1,24
2026-09-13T00:01:52.6171455Z,121.11839769999999,1 D: C:,0,503793,99,1,0,0,24
2026-09-13T00:01:55.1907083Z,123.6917338,0 E:,0,896713,1,99,10,1,41
2026-09-13T00:01:55.1907083Z,123.6917338,1 D: C:,77302,5442125,97,3,4,0,41
2026-09-13T00:01:57.7941664Z,126.29515319999999,0 E:,0,782519,2,98,2,1,37
2026-09-13T00:01:57.7941664Z,126.29515319999999,1 D: C:,17966,225573,99,1,0,0,37
2026-09-13T00:02:00.3662322Z,128.8671668,0 E:,5085278,3493230,82,18,25,0,34
2026-09-13T00:02:00.3662322Z,128.8671668,1 D: C:,30913,618270,99,1,0,0,34
2026-09-13T00:02:02.9375600Z,131.43933719999998,0 E:,0,0,99,1,0,0,14
2026-09-13T00:02:02.9375600Z,131.43933719999998,1 D: C:,0,0,99,1,0,0,14
2026-09-13T00:02:05.4990599Z,134.00141,0 E:,0,0,99,1,0,0,21
2026-09-13T00:02:05.4990599Z,134.00141,1 D: C:,0,452910,99,1,0,0,21
2026-09-13T00:02:08.0829631Z,136.5843485,0 E:,0,0,95,5,0,0,19
2026-09-13T00:02:08.0829631Z,136.5843485,1 D: C:,96462,594849,98,2,0,0,19
2026-09-13T00:02:10.6575279Z,139.1586312,0 E:,0,0,99,1,0,0,23
2026-09-13T00:02:10.6575279Z,139.1586312,1 D: C:,0,358528,99,1,0,0,23
2026-09-13T00:02:13.2405818Z,141.7424375,0 E:,0,0,99,1,0,0,21
2026-09-13T00:02:13.2405818Z,141.7424375,1 D: C:,80798,549428,99,1,0,0,21
2026-09-13T00:02:15.8375346Z,144.33872399999998,0 E:,0,0,100,0,0,0,28
2026-09-13T00:02:15.8375346Z,144.33872399999998,1 D: C:,79457,463795861,75,25,44,0,28
2026-09-13T00:02:18.4233257Z,146.92435319999998,0 E:,0,15822,99,1,0,0,47
2026-09-13T00:02:18.4233257Z,146.92435319999998,1 D: C:,0,5031396,96,4,4,0,47
2026-09-13T00:02:21.0768805Z,149.5779408,0 E:,0,0,100,0,0,0,16
2026-09-13T00:02:21.0768805Z,149.5779408,1 D: C:,61717,786894,99,1,0,1,16
2026-09-13T00:02:23.6760988Z,152.17883229999998,0 E:,0,16025,99,1,0,0,28
2026-09-13T00:02:23.6760988Z,152.17883229999998,1 D: C:,0,0,99,1,0,0,28
2026-09-13T00:02:26.2534789Z,154.7553472,0 E:,0,0,99,1,0,0,26
2026-09-13T00:02:26.2534789Z,154.7553472,1 D: C:,81008,810086,98,2,0,0,26
2026-09-13T00:02:28.8643317Z,157.3657796,0 E:,0,0,100,0,0,0,19
2026-09-13T00:02:28.8643317Z,157.3657796,1 D: C:,0,0,100,0,0,0,19
2026-09-13T00:02:31.4206587Z,159.9225395,0 E:,0,0,100,0,0,0,40
2026-09-13T00:02:31.4206587Z,159.9225395,1 D: C:,0,257435,99,1,0,0,40
2026-09-13T00:02:34.0706583Z,162.5717661,0 E:,0,729033,9,91,1,1,29
2026-09-13T00:02:34.0706583Z,162.5717661,1 D: C:,0,0,100,0,0,0,29
2026-09-13T00:02:36.6707915Z,165.17190589999998,0 E:,0,542542,3,97,1,1,29
2026-09-13T00:02:36.6707915Z,165.17190589999998,1 D: C:,62004,201515,99,1,0,0,29
2026-09-13T00:02:39.3116230Z,167.8134486,0 E:,0,366705,1,99,11,1,22
2026-09-13T00:02:39.3116230Z,167.8134486,1 D: C:,0,510198,97,3,2,0,22
2026-09-13T00:02:41.8810859Z,170.3826174,0 E:,0,391080,1,99,1,1,26
2026-09-13T00:02:41.8810859Z,170.3826174,1 D: C:,0,0,99,1,0,0,26
2026-09-13T00:02:44.4729704Z,172.9748415,0 E:,0,538332,2,98,1,1,18
2026-09-13T00:02:44.4729704Z,172.9748415,1 D: C:,63333,522499,99,1,0,0,18
2026-09-13T00:02:47.0767422Z,175.5778023,0 E:,0,295075,39,61,0,0,36
2026-09-13T00:02:47.0767422Z,175.5778023,1 D: C:,496969,2158709,98,2,2,0,36
2026-09-13T00:02:49.6985638Z,178.2000411,0 E:,0,729434,5,95,1,1,18
2026-09-13T00:02:49.6985638Z,178.2000411,1 D: C:,248318,1831345,99,1,0,0,18
2026-09-13T00:02:52.2862810Z,180.78773909999998,0 E:,0,390183,1,99,1,1,21
2026-09-13T00:02:52.2862810Z,180.78773909999998,1 D: C:,0,48772,99,1,0,0,21
2026-09-13T00:02:54.8608482Z,183.36199689999998,0 E:,0,716983,6,94,1,1,16
2026-09-13T00:02:54.8608482Z,183.36199689999998,1 D: C:,0,16295,100,0,0,0,16
2026-09-13T00:02:57.4217159Z,185.9226768,0 E:,0,685863,18,82,1,1,14
2026-09-13T00:02:57.4217159Z,185.9226768,1 D: C:,81650,1045125,98,2,0,0,14
2026-09-13T00:03:00.0471948Z,188.5490184,0 E:,0,731465,7,93,1,1,19
2026-09-13T00:03:00.0471948Z,188.5490184,1 D: C:,826874,286225,98,2,1,0,19
2026-09-13T00:03:02.6250763Z,191.1274794,0 E:,0,379997,2,98,1,1,15
2026-09-13T00:03:02.6250763Z,191.1274794,1 D: C:,0,395830,98,2,0,0,15
2026-09-13T00:03:05.2412197Z,193.7424302,0 E:,0,567748,3,97,1,1,17
2026-09-13T00:03:05.2412197Z,193.7424302,1 D: C:,15770,47312,99,1,0,1,17
2026-09-13T00:03:07.8242203Z,196.32581679999998,0 E:,0,629695,3,97,1,22,18
2026-09-13T00:03:07.8242203Z,196.32581679999998,1 D: C:,0,32292,100,0,0,0,18
2026-09-13T00:03:10.4511719Z,198.95257239999998,0 E:,0,664396,24,76,1,1,21
2026-09-13T00:03:10.4511719Z,198.95257239999998,1 D: C:,92706,896162,98,2,0,0,21
2026-09-13T00:03:13.0665819Z,201.5679932,0 E:,0,481230,5,95,1,0,12
2026-09-13T00:03:13.0665819Z,201.5679932,1 D: C:,917830,1259349,97,3,3,0,12
2026-09-13T00:03:15.6418294Z,204.14322439999998,0 E:,0,348599,1,99,1,1,23
2026-09-13T00:03:15.6418294Z,204.14322439999998,1 D: C:,63381,5149767,98,2,7,0,23
2026-09-13T00:03:18.3019294Z,206.8034114,0 E:,0,882295,9,91,12,1,18
2026-09-13T00:03:18.3019294Z,206.8034114,1 D: C:,0,126042,98,2,1,0,18
2026-09-13T00:03:20.9064520Z,209.4082927,0 E:,0,612458,6,94,1,1,19
2026-09-13T00:03:20.9064520Z,209.4082927,1 D: C:,0,0,99,1,0,0,19
2026-09-13T00:03:23.5015011Z,212.0033283,0 E:,0,451782,39,61,0,1,15
2026-09-13T00:03:23.5015011Z,212.0033283,1 D: C:,0,124629,99,1,0,0,15
2026-09-13T00:03:26.1368190Z,214.6382979,0 E:,0,716087,12,88,1,1,24
2026-09-13T00:03:26.1368190Z,214.6382979,1 D: C:,0,0,99,1,0,0,24
2026-09-13T00:03:28.7311925Z,217.2323582,0 E:,0,587525,7,93,1,1,22
2026-09-13T00:03:28.7311925Z,217.2323582,1 D: C:,0,310082,93,7,0,2,22
2026-09-13T00:03:31.3088300Z,219.81029519999998,0 E:,0,570487,2,98,1,1,20
2026-09-13T00:03:31.3088300Z,219.81029519999998,1 D: C:,6778502,190162,96,4,4,0,20
2026-09-13T00:03:33.9143462Z,222.4152878,0 E:,0,790222,6,94,1,1,21
2026-09-13T00:03:33.9143462Z,222.4152878,1 D: C:,0,0,100,0,0,0,21
2026-09-13T00:03:36.4913960Z,224.99282399999998,0 E:,0,473862,2,98,1,1,24
2026-09-13T00:03:36.4913960Z,224.99282399999998,1 D: C:,78977,1026702,97,3,1,0,24
2026-09-13T00:03:39.0767484Z,227.5779245,0 E:,0,61563613,0,100,150,2,26
2026-09-13T00:03:39.0767484Z,227.5779245,1 D: C:,573871,270994,98,2,1,0,26
2026-09-13T00:03:41.6874939Z,230.1884634,0 E:,0,682391,18,82,1,1,24
2026-09-13T00:03:41.6874939Z,230.1884634,1 D: C:,16247,3671914,98,2,1,0,24
2026-09-13T00:03:44.2936995Z,232.79482439999998,0 E:,0,479165,2,98,1,1,30
2026-09-13T00:03:44.2936995Z,232.79482439999998,1 D: C:,61827,2071233,98,2,0,0,30
2026-09-13T00:03:46.9229916Z,235.4239686,0 E:,0,698119,22,78,1,1,21
2026-09-13T00:03:46.9229916Z,235.4239686,1 D: C:,0,0,100,0,0,0,21
2026-09-13T00:03:49.4938835Z,237.9952157,0 E:,0,558354,25,75,1,1,19
2026-09-13T00:03:49.4938835Z,237.9952157,1 D: C:,15509,77549,99,1,0,0,19
2026-09-13T00:03:52.0750048Z,240.5763974,0 E:,0,598426,3,97,1,1,28
2026-09-13T00:03:52.0750048Z,240.5763974,1 D: C:,0,15748,99,1,0,0,28
2026-09-13T00:03:54.6429771Z,243.14481529999998,0 E:,0,620710,6,94,1,1,24
2026-09-13T00:03:54.6429771Z,243.14481529999998,1 D: C:,0,1404765,98,2,1,0,24
2026-09-13T00:03:57.2975790Z,245.7990792,0 E:,0,616856,23,77,1,1,17
2026-09-13T00:03:57.2975790Z,245.7990792,1 D: C:,0,0,100,0,0,0,17
2026-09-13T00:03:59.8743715Z,248.3754548,0 E:,0,665789,4,96,1,1,21
2026-09-13T00:03:59.8743715Z,248.3754548,1 D: C:,0,0,100,0,0,0,21
2026-09-13T00:04:02.4595027Z,250.9614818,0 E:,0,391667,2,98,1,1,19
2026-09-13T00:04:02.4595027Z,250.9614818,1 D: C:,0,65277,99,1,0,0,19
2026-09-13T00:04:05.0600867Z,253.56150219999998,0 E:,0,532160,3,97,1,1,15
2026-09-13T00:04:05.0600867Z,253.56150219999998,1 D: C:,64504,32252,99,1,0,0,15
2026-09-13T00:04:07.6711879Z,256.1726026,0 E:,0,834214,10,90,1,1,18
2026-09-13T00:04:07.6711879Z,256.1726026,1 D: C:,0,163571,99,1,0,0,18
2026-09-13T00:04:10.3142796Z,258.8152647,0 E:,0,764769,9,91,1,0,30
2026-09-13T00:04:10.3142796Z,258.8152647,1 D: C:,0,1045705,99,1,0,0,30
2026-09-13T00:04:12.9186509Z,261.4208854,0 E:,0,465664,2,98,1,1,27
2026-09-13T00:04:12.9186509Z,261.4208854,1 D: C:,62088,2064444,98,2,1,0,27
2026-09-13T00:04:15.5208267Z,264.0223335,0 E:,0,355115,1,99,1,1,27
2026-09-13T00:04:15.5208267Z,264.0223335,1 D: C:,30879,694790,98,2,0,0,27
2026-09-13T00:04:18.1153252Z,266.6168709,0 E:,0,732282,7,93,1,1,30
2026-09-13T00:04:18.1153252Z,266.6168709,1 D: C:,0,0,99,1,0,0,30
2026-09-13T00:04:20.7009622Z,269.2022697,0 E:,0,557855,3,97,1,1,39
2026-09-13T00:04:20.7009622Z,269.2022697,1 D: C:,232439,77479,98,2,1,0,39
2026-09-13T00:04:23.3311990Z,271.8322599,0 E:,0,660698,5,95,1,1,17
2026-09-13T00:04:23.3311990Z,271.8322599,1 D: C:,18128,324306,99,1,0,0,17
2026-09-13T00:04:25.9250143Z,274.4266704,0 E:,0,514034,35,65,0,1,20
2026-09-13T00:04:25.9250143Z,274.4266704,1 D: C:,124614,700956,98,2,1,0,20
2026-09-13T00:04:28.5211418Z,277.022396,0 E:,0,616107,5,95,1,1,19
2026-09-13T00:04:28.5211418Z,277.022396,1 D: C:,17772,349522,99,1,0,0,19
2026-09-13T00:04:31.1151093Z,279.6166105,0 E:,0,1386408,3,97,2,1,21
2026-09-13T00:04:31.1151093Z,279.6166105,1 D: C:,0,16121,99,1,0,0,21
2026-09-13T00:04:33.7051222Z,282.2064764,0 E:,0,978261,6,94,10,1,21
2026-09-13T00:04:33.7051222Z,282.2064764,1 D: C:,0,433000,99,1,0,0,21
2026-09-13T00:04:36.2898401Z,284.7916298,0 E:,0,710520,8,92,1,1,42
2026-09-13T00:04:36.2898401Z,284.7916298,1 D: C:,0,0,99,1,0,0,42
2026-09-13T00:04:38.9067283Z,287.408535,0 E:,0,19624502,0,100,188,2,23
2026-09-13T00:04:38.9067283Z,287.408535,1 D: C:,127431,4635332,98,2,1,0,23
2026-09-13T00:04:41.4993138Z,290.0012244,0 E:,0,607477,3,97,1,1,23
2026-09-13T00:04:41.4993138Z,290.0012244,1 D: C:,124610,4392530,99,1,1,0,23
2026-09-13T00:04:44.0767528Z,292.577883,0 E:,0,603598,4,96,1,1,18
2026-09-13T00:04:44.0767528Z,292.577883,1 D: C:,0,16313,99,1,0,0,18
2026-09-13T00:04:46.6528362Z,295.1545797,0 E:,0,276260,2,98,1,1,25
2026-09-13T00:04:46.6528362Z,295.1545797,1 D: C:,130004,1088789,96,4,3,0,25
2026-09-13T00:04:49.2706163Z,297.7719025,0 E:,0,565041,5,95,1,1,53
2026-09-13T00:04:49.2706163Z,297.7719025,1 D: C:,0,0,100,0,0,0,53
2026-09-13T00:04:51.8791013Z,300.38127449999996,0 E:,0,327554,6,94,1,0,21
2026-09-13T00:04:51.8791013Z,300.38127449999996,1 D: C:,0,327554,99,1,0,0,21
2026-09-13T00:04:54.4791821Z,302.9807429,0 E:,0,5733041,1,99,38,1,14
2026-09-13T00:04:54.4791821Z,302.9807429,1 D: C:,92717,772647,99,1,0,0,14
2026-09-13T00:04:57.0762905Z,305.5774394,0 E:,0,480455,3,97,1,1,19
2026-09-13T00:04:57.0762905Z,305.5774394,1 D: C:,0,0,33,67,0,1,19
2026-09-13T00:04:59.6640347Z,308.1651617,0 E:,0,604537,2,98,1,1,24
2026-09-13T00:04:59.6640347Z,308.1651617,1 D: C:,31817,620446,99,1,0,0,24
2026-09-13T00:05:02.2126897Z,310.7145754,0 E:,0,619832,3,97,1,1,29
2026-09-13T00:05:02.2126897Z,310.7145754,1 D: C:,391473,277293,98,2,1,0,29
2026-09-13T00:05:04.8077412Z,313.30965249999997,0 E:,0,662308,6,94,1,1,25
2026-09-13T00:05:04.8077412Z,313.30965249999997,1 D: C:,0,3075005,99,1,0,0,25
2026-09-13T00:05:07.4418796Z,315.9434917,0 E:,0,673296,10,90,1,1,30
2026-09-13T00:05:07.4418796Z,315.9434917,1 D: C:,0,1763394,99,1,1,0,30
2026-09-13T00:05:10.0488597Z,318.5498823,0 E:,0,11020603,1,99,48,1,25
2026-09-13T00:05:10.0488597Z,318.5498823,1 D: C:,0,0,100,0,0,0,25
2026-09-13T00:05:12.6180028Z,321.1191361,0 E:,0,564726,2,98,1,1,22
2026-09-13T00:05:12.6180028Z,321.1191361,1 D: C:,0,16135,100,0,0,0,22
2026-09-13T00:05:15.2117047Z,323.7130198,0 E:,0,520197,10,90,1,1,13
2026-09-13T00:05:15.2117047Z,323.7130198,1 D: C:,0,0,99,1,0,0,13
2026-09-13T00:05:17.7891838Z,326.290397,0 E:,0,661927,2,98,1,1,19
2026-09-13T00:05:17.7891838Z,326.290397,1 D: C:,0,64578,99,1,0,0,19
2026-09-13T00:05:20.4307735Z,328.93191379999996,0 E:,0,765307,5,95,2,1,33
2026-09-13T00:05:20.4307735Z,328.93191379999996,1 D: C:,0,156185,99,1,0,0,33
2026-09-13T00:05:23.0035546Z,331.5048006,0 E:,0,647693,6,94,1,1,14
2026-09-13T00:05:23.0035546Z,331.5048006,1 D: C:,0,145731,98,2,1,0,14
2026-09-13T00:05:25.5851030Z,334.0863706,0 E:,0,796111,5,95,1,1,16
2026-09-13T00:05:25.5851030Z,334.0863706,1 D: C:,15922,589122,99,1,0,0,16
2026-09-13T00:05:28.1792831Z,336.68064169999997,0 E:,0,748635,2,98,1,1,23
2026-09-13T00:05:28.1792831Z,336.68064169999997,1 D: C:,0,0,99,1,0,0,23
2026-09-13T00:05:30.8187140Z,339.31976599999996,0 E:,0,765641,12,88,1,1,22
2026-09-13T00:05:30.8187140Z,339.31976599999996,1 D: C:,0,578137,99,1,0,0,22
2026-09-13T00:05:33.3984744Z,341.8995713,0 E:,0,456437,2,98,1,1,27
2026-09-13T00:05:33.3984744Z,341.8995713,1 D: C:,260821,1581228,98,2,3,0,27
2026-09-13T00:05:36.0048851Z,344.5066975,0 E:,0,505416,5,95,2,0,23
2026-09-13T00:05:36.0048851Z,344.5066975,1 D: C:,0,3190439,99,1,1,0,23
2026-09-13T00:05:38.5983830Z,347.0996836,0 E:,0,435961,6,94,1,1,29
2026-09-13T00:05:38.5983830Z,347.0996836,1 D: C:,95366,811589,98,2,1,0,29
2026-09-13T00:05:41.1970759Z,349.6982428,0 E:,0,494119,3,97,1,1,21
2026-09-13T00:05:41.1970759Z,349.6982428,1 D: C:,15939,15939,98,2,1,0,21
2026-09-13T00:05:43.7968554Z,352.2980273,0 E:,0,818689,4,96,1,1,20
2026-09-13T00:05:43.7968554Z,352.2980273,1 D: C:,15446,617878,99,1,0,0,20
2026-09-13T00:05:46.4341056Z,354.93520129999996,0 E:,0,810586,10,90,1,1,64
2026-09-13T00:05:46.4341056Z,354.93520129999996,1 D: C:,0,0,99,1,0,0,64
2026-09-13T00:05:48.9952898Z,357.4965931,0 E:,0,785604,9,91,1,1,12
2026-09-13T00:05:48.9952898Z,357.4965931,1 D: C:,0,671037,97,3,2,0,12
2026-09-13T00:05:51.5810312Z,360.0825868,0 E:,0,583474,2,98,1,1,22
2026-09-13T00:05:51.5810312Z,360.0825868,1 D: C:,520396,1340414,99,1,0,0,22
2026-09-13T00:05:54.1862353Z,362.6879594,0 E:,0,999521,6,94,1,1,21
2026-09-13T00:05:54.1862353Z,362.6879594,1 D: C:,0,78087,99,1,0,0,21
2026-09-13T00:05:56.7709184Z,365.2720342,0 E:,0,715983,2,98,1,1,34
2026-09-13T00:05:56.7709184Z,365.2720342,1 D: C:,0,65089,99,1,0,0,34
2026-09-13T00:05:59.3597236Z,367.86086589999996,0 E:,0,317355,2,98,1,0,35
2026-09-13T00:05:59.3597236Z,367.86086589999996,1 D: C:,0,2031077,97,3,7,0,35
2026-09-13T00:06:01.9388542Z,370.4402214,0 E:,0,304063,1,99,1,1,22
2026-09-13T00:06:01.9388542Z,370.4402214,1 D: C:,0,976203,98,2,4,0,22
2026-09-13T00:06:04.5245886Z,373.0258517,0 E:,0,0,99,1,0,0,29
2026-09-13T00:06:04.5245886Z,373.0258517,1 D: C:,10494232,31094,84,16,25,1,29
2026-09-13T00:06:07.1219061Z,375.6232738,0 E:,0,1011545,7,93,1,1,19
2026-09-13T00:06:07.1219061Z,375.6232738,1 D: C:,0,326806,98,2,1,0,19
2026-09-13T00:06:09.6959509Z,378.1973438,0 E:,0,488185,2,98,1,1,16
2026-09-13T00:06:09.6959509Z,378.1973438,1 D: C:,32545,455639,99,1,0,0,16
2026-09-13T00:06:12.3033021Z,380.8043696,0 E:,0,4236358,6,94,2,1,22
2026-09-13T00:06:12.3033021Z,380.8043696,1 D: C:,549157,1945586,97,3,2,0,22
2026-09-13T00:06:14.8759172Z,383.3776425,0 E:,0,723730,17,83,1,1,11
2026-09-13T00:06:14.8759172Z,383.3776425,1 D: C:,15733,645063,99,1,0,0,11
2026-09-13T00:06:17.4497637Z,385.9508737,0 E:,0,685568,8,92,1,1,27
2026-09-13T00:06:17.4497637Z,385.9508737,1 D: C:,0,261169,98,2,1,0,27
2026-09-13T00:06:20.0347640Z,388.5364267,0 E:,0,394134,2,98,1,1,31
2026-09-13T00:06:20.0347640Z,388.5364267,1 D: C:,0,0,99,1,0,0,31
2026-09-13T00:06:22.6288206Z,391.1307151,0 E:,0,596098,3,97,1,0,22
2026-09-13T00:06:22.6288206Z,391.1307151,1 D: C:,0,627471,98,2,0,0,22
2026-09-13T00:06:25.2151596Z,393.7165735,0 E:,0,1187811,6,94,1,1,19
2026-09-13T00:06:25.2151596Z,393.7165735,1 D: C:,634584,1887481,96,4,4,0,19
2026-09-13T00:06:27.8228537Z,396.32450309999996,0 E:,0,1242771,33,67,1,1,22
2026-09-13T00:06:27.8228537Z,396.32450309999996,1 D: C:,78656,4923891,98,2,1,0,22
2026-09-13T00:06:30.4590128Z,398.9601507,0 E:,0,695446,10,90,1,1,18
2026-09-13T00:06:30.4590128Z,398.9601507,1 D: C:,0,587265,99,1,0,0,18
2026-09-13T00:06:33.0596471Z,401.56091369999996,0 E:,0,704639,5,95,1,1,30
2026-09-13T00:06:33.0596471Z,401.56091369999996,1 D: C:,0,0,99,1,0,0,30
2026-09-13T00:06:35.6158103Z,404.1177158,0 E:,0,357902,3,97,1,1,18
2026-09-13T00:06:35.6158103Z,404.1177158,1 D: C:,81341,862220,98,2,0,0,18
2026-09-13T00:06:38.2000111Z,406.7011829,0 E:,0,482513,57,43,0,1,22
2026-09-13T00:06:38.2000111Z,406.7011829,1 D: C:,0,0,99,1,0,0,22
2026-09-13T00:06:40.7957908Z,409.29774449999996,0 E:,15948,5119613,0,100,114,1,31
2026-09-13T00:06:40.7957908Z,409.29774449999996,1 D: C:,0,31897,99,1,0,0,31
2026-09-13T00:06:43.4374553Z,411.93844609999996,0 E:,0,681348,6,94,1,1,26
2026-09-13T00:06:43.4374553Z,411.93844609999996,1 D: C:,63381,459513,98,2,1,0,26
2026-09-13T00:06:46.0322556Z,414.5332332,0 E:,0,519305,1,99,3,1,21
2026-09-13T00:06:46.0322556Z,414.5332332,1 D: C:,3904,327982,98,2,1,0,21
2026-09-13T00:06:48.6118399Z,417.11301069999996,0 E:,0,342082,1,99,1,1,21
2026-09-13T00:06:48.6118399Z,417.11301069999996,1 D: C:,15549,559771,99,1,0,0,21
2026-09-13T00:06:51.2055999Z,419.7066824,0 E:,0,659792,2,98,1,1,11
2026-09-13T00:06:51.2055999Z,419.7066824,1 D: C:,0,756347,99,1,2,0,11
2026-09-13T00:06:53.8085151Z,422.30958569999996,0 E:,0,549398,3,97,2,1,19
2026-09-13T00:06:53.8085151Z,422.30958569999996,1 D: C:,143235,3863447,97,3,1,0,19
2026-09-13T00:06:56.4455595Z,424.9466452,0 E:,0,954520,5,95,2,1,40
2026-09-13T00:06:56.4455595Z,424.9466452,1 D: C:,127269,2179489,97,3,9,0,40
2026-09-13T00:06:59.0546716Z,427.5557808,0 E:,0,672939,2,98,1,0,20
2026-09-13T00:06:59.0546716Z,427.5557808,1 D: C:,0,563391,98,2,0,0,20
2026-09-13T00:07:01.6292735Z,430.1306042,0 E:,0,626192,2,98,1,1,23
2026-09-13T00:07:01.6292735Z,430.1306042,1 D: C:,80281,979429,98,2,1,0,23
2026-09-13T00:07:04.2274262Z,432.7286099,0 E:,0,734920,3,97,1,1,29
2026-09-13T00:07:04.2274262Z,432.7286099,1 D: C:,0,0,100,0,0,0,29
2026-09-13T00:07:06.7910287Z,435.29270679999996,0 E:,0,455805,1,99,1,1,17
2026-09-13T00:07:06.7910287Z,435.29270679999996,1 D: C:,81393,765102,98,2,0,0,17
2026-09-13T00:07:09.4329404Z,437.93426789999995,0 E:,0,660210,4,96,1,1,54
2026-09-13T00:07:09.4329404Z,437.93426789999995,1 D: C:,0,0,100,0,0,0,54
2026-09-13T00:07:11.9939618Z,440.4949385,0 E:,0,627290,2,98,1,1,21
2026-09-13T00:07:11.9939618Z,440.4949385,1 D: C:,0,353856,99,1,0,0,21
2026-09-13T00:07:14.6158772Z,443.1168386,0 E:,0,476041,1,99,1,1,19
2026-09-13T00:07:14.6158772Z,443.1168386,1 D: C:,79340,396701,99,1,0,0,19
2026-09-13T00:07:17.1914982Z,445.69304159999996,0 E:,0,545675,2,98,1,1,13
2026-09-13T00:07:17.1914982Z,445.69304159999996,1 D: C:,0,32098,98,2,1,0,13
2026-09-13T00:07:19.7623461Z,448.2640988,0 E:,0,701879,3,97,1,1,18
2026-09-13T00:07:19.7623461Z,448.2640988,1 D: C:,0,1700107,99,1,0,0,18
2026-09-13T00:07:22.3688544Z,450.8698174,0 E:,0,666781,4,96,1,1,27
2026-09-13T00:07:22.3688544Z,450.8698174,1 D: C:,263611,1736733,97,3,2,0,27
2026-09-13T00:07:24.9445189Z,453.4454858,0 E:,0,730817,3,97,1,2,21
2026-09-13T00:07:24.9445189Z,453.4454858,1 D: C:,15549,761916,90,10,9,0,21
2026-09-13T00:07:27.5271766Z,456.02870659999996,0 E:,0,575320,2,98,1,1,41
2026-09-13T00:07:27.5271766Z,456.02870659999996,1 D: C:,0,79905,99,1,0,0,41
2026-09-13T00:07:30.1490104Z,458.6500769,0 E:,0,697870,3,97,1,1,21
2026-09-13T00:07:30.1490104Z,458.6500769,1 D: C:,0,62032,99,1,0,0,21
2026-09-13T00:07:32.7443878Z,461.2455261,0 E:,0,547295,2,98,2,1,25
2026-09-13T00:07:32.7443878Z,461.2455261,1 D: C:,0,562932,99,1,0,0,25
2026-09-13T00:07:35.3964050Z,463.89774539999996,0 E:,0,422238,2,98,1,1,51
2026-09-13T00:07:35.3964050Z,463.89774539999996,1 D: C:,0,0,99,1,0,0,51
2026-09-13T00:07:37.9912645Z,466.4931714,0 E:,0,652881,3,97,1,1,14
2026-09-13T00:07:37.9912645Z,466.4931714,1 D: C:,0,587593,98,2,0,0,14
2026-09-13T00:07:40.5976394Z,469.09911719999997,0 E:,0,894145,2,98,1,1,20
2026-09-13T00:07:40.5976394Z,469.09911719999997,1 D: C:,0,31373,99,1,0,0,20
2026-09-13T00:07:43.2364188Z,471.7376551,0 E:,0,742449,4,96,1,1,26
2026-09-13T00:07:43.2364188Z,471.7376551,1 D: C:,0,274383,99,1,0,0,26
2026-09-13T00:07:45.8430568Z,474.3443273,0 E:,0,882954,2,98,2,1,29
2026-09-13T00:07:45.8430568Z,474.3443273,1 D: C:,80268,738470,99,1,0,0,29
2026-09-13T00:07:48.4328209Z,476.9343877,0 E:,0,669565,4,96,1,1,38
2026-09-13T00:07:48.4328209Z,476.9343877,1 D: C:,143478,749275,98,2,2,0,38
2026-09-13T00:07:51.0173992Z,479.5186018,0 E:,0,504303,2,98,1,1,20
2026-09-13T00:07:51.0173992Z,479.5186018,1 D: C:,141835,4664810,97,3,3,0,20
2026-09-13T00:07:53.6397011Z,482.1410544,0 E:,0,818895,3,97,1,1,20
2026-09-13T00:07:53.6397011Z,482.1410544,1 D: C:,0,46352,99,1,0,0,20
2026-09-13T00:07:56.2420623Z,484.7437372,0 E:,0,881964,2,98,1,1,18
2026-09-13T00:07:56.2420623Z,484.7437372,1 D: C:,0,15749,100,0,0,0,18
2026-09-13T00:07:58.8450308Z,487.3461215,0 E:,0,465905,1,99,1,1,27
2026-09-13T00:07:58.8450308Z,487.3461215,1 D: C:,17471,359135,99,1,0,0,27
2026-09-13T00:08:01.4525170Z,489.9541968,0 E:,0,835727,3,97,1,1,41
2026-09-13T00:08:01.4525170Z,489.9541968,1 D: C:,47305,94610,98,2,1,0,41
2026-09-13T00:08:04.0485860Z,492.54980439999997,0 E:,0,828777,3,97,1,1,19
2026-09-13T00:08:04.0485860Z,492.54980439999997,1 D: C:,15637,672404,98,2,0,0,19
2026-09-13T00:08:06.6432313Z,495.14452719999997,0 E:,0,663459,2,98,1,1,23
2026-09-13T00:08:06.6432313Z,495.14452719999997,1 D: C:,517822,1440192,98,2,0,0,23
2026-09-13T00:08:09.2049673Z,497.70645659999997,0 E:,0,637104,3,97,1,1,12
2026-09-13T00:08:09.2049673Z,497.70645659999997,1 D: C:,0,16336,99,1,0,0,12
2026-09-13T00:08:11.7762335Z,500.2779309,0 E:,0,665292,2,98,1,1,22
2026-09-13T00:08:11.7762335Z,500.2779309,1 D: C:,30943,572461,99,1,0,0,22
2026-09-13T00:08:14.3888001Z,502.89002569999997,0 E:,0,817756,4,96,1,1,23
2026-09-13T00:08:14.3888001Z,502.89002569999997,1 D: C:,354875,169723,99,1,0,0,23
2026-09-13T00:08:17.0178863Z,505.5190857,0 E:,0,821342,2,98,1,1,22
2026-09-13T00:08:17.0178863Z,505.5190857,1 D: C:,3111625,8592508,97,3,3,0,22
2026-09-13T00:08:19.6186259Z,508.1200464,0 E:,0,904034,4,96,1,1,28
2026-09-13T00:08:19.6186259Z,508.1200464,1 D: C:,0,1162330,99,1,0,0,28
2026-09-13T00:08:22.1950983Z,510.6962137,0 E:,0,861767,2,98,1,1,19
2026-09-13T00:08:22.1950983Z,510.6962137,1 D: C:,0,141016,99,1,0,0,19
2026-09-13T00:08:24.7802930Z,513.2816922,0 E:,0,713671,3,97,1,0,34
2026-09-13T00:08:24.7802930Z,513.2816922,1 D: C:,0,77572,99,1,0,0,34
2026-09-13T00:08:27.3645286Z,515.8655921999999,0 E:,0,899740,3,97,1,1,12
2026-09-13T00:08:27.3645286Z,515.8655921999999,1 D: C:,0,0,99,1,0,0,12
2026-09-13T00:08:29.9662061Z,518.4676097,0 E:,0,736293,3,97,1,1,20
2026-09-13T00:08:29.9662061Z,518.4676097,1 D: C:,0,160063,99,1,0,0,20
2026-09-13T00:08:32.6398317Z,521.1417226,0 E:,0,686720,4,96,1,1,35
2026-09-13T00:08:32.6398317Z,521.1417226,1 D: C:,0,0,100,0,0,0,35
2026-09-13T00:08:35.2254357Z,523.7263908,0 E:,0,640159,2,98,1,1,15
2026-09-13T00:08:35.2254357Z,523.7263908,1 D: C:,0,468409,99,1,0,0,15
2026-09-13T00:08:37.8067434Z,526.3077984,0 E:,0,500770,1,99,1,0,19
2026-09-13T00:08:37.8067434Z,526.3077984,1 D: C:,0,678462,99,1,0,0,19
2026-09-13T00:08:40.3904359Z,528.8923318999999,0 E:,0,898615,4,96,1,1,24
2026-09-13T00:08:40.3904359Z,528.8923318999999,1 D: C:,0,0,99,1,0,0,24
2026-09-13T00:08:43.0079008Z,531.5094022,0 E:,0,845281,2,98,1,1,21
2026-09-13T00:08:43.0079008Z,531.5094022,1 D: C:,0,78266,99,1,0,0,21
2026-09-13T00:08:45.6026566Z,534.1045611999999,0 E:,0,855769,5,95,1,0,23
2026-09-13T00:08:45.6026566Z,534.1045611999999,1 D: C:,0,290638,99,1,0,0,23
2026-09-13T00:08:48.2358064Z,536.7372282,0 E:,0,4314074,4,96,2,1,12
2026-09-13T00:08:48.2358064Z,536.7372282,1 D: C:,0,1591909,99,1,0,0,12
2026-09-13T00:08:50.8075291Z,539.3093557999999,0 E:,0,4627430,2,98,2,1,22
2026-09-13T00:08:50.8075291Z,539.3093557999999,1 D: C:,228918,981080,98,2,0,0,22
2026-09-13T00:08:53.3991042Z,541.9002545999999,0 E:,0,678176,2,98,1,2,20
2026-09-13T00:08:53.3991042Z,541.9002545999999,1 D: C:,0,126172,94,6,5,0,20
2026-09-13T00:08:55.9643478Z,544.4660732,0 E:,0,732201,3,97,1,1,31
2026-09-13T00:08:55.9643478Z,544.4660732,1 D: C:,0,509357,98,2,0,0,31
2026-09-13T00:08:58.6049300Z,547.1060269999999,0 E:,0,860728,4,96,1,0,50
2026-09-13T00:08:58.6049300Z,547.1060269999999,1 D: C:,0,0,100,0,0,0,50
2026-09-13T00:09:01.1747601Z,549.6756918,0 E:,0,642492,2,98,1,1,21
2026-09-13T00:09:01.1747601Z,549.6756918,1 D: C:,0,62682,99,1,0,0,21
2026-09-13T00:09:03.7813167Z,552.2824561,0 E:,0,950542,3,97,1,1,28
2026-09-13T00:09:03.7813167Z,552.2824561,1 D: C:,15842,79211,99,1,0,0,28
2026-09-13T00:09:06.3723843Z,554.8741982,0 E:,0,653630,3,97,1,1,23
2026-09-13T00:09:06.3723843Z,554.8741982,1 D: C:,0,47826,99,1,0,0,23
2026-09-13T00:09:08.9560535Z,557.4577889,0 E:,0,447558,1,99,1,1,35
2026-09-13T00:09:08.9560535Z,557.4577889,1 D: C:,49950,1328688,97,3,2,0,35
2026-09-13T00:09:11.5361396Z,560.0378205,0 E:,0,688169,2,98,1,1,20
2026-09-13T00:09:11.5361396Z,560.0378205,1 D: C:,512126,1360335,97,3,3,0,20
2026-09-13T00:09:14.1141326Z,562.6155623,0 E:,0,592441,2,98,1,1,18
2026-09-13T00:09:14.1141326Z,562.6155623,1 D: C:,79901,1451872,98,2,1,0,18
2026-09-13T00:09:16.7361279Z,565.2379373,0 E:,0,0,100,0,0,0,9
2026-09-13T00:09:16.7361279Z,565.2379373,1 D: C:,0,16030,100,0,0,0,9
2026-09-13T00:09:19.3467408Z,567.8483175,0 E:,0,788968,2,98,1,1,17
2026-09-13T00:09:19.3467408Z,567.8483175,1 D: C:,0,31558,99,1,0,0,17
2026-09-13T00:09:21.9354937Z,570.4373251999999,0 E:,0,605013,1,99,1,1,23
2026-09-13T00:09:21.9354937Z,570.4373251999999,1 D: C:,248210,62052,99,1,0,0,23
2026-09-13T00:09:24.5391354Z,573.0405816,0 E:,0,659598,3,97,1,1,23
2026-09-13T00:09:24.5391354Z,573.0405816,1 D: C:,852651,48263,98,2,2,0,23
2026-09-13T00:09:27.1396296Z,575.6406975,0 E:,0,646577,2,98,1,1,28
2026-09-13T00:09:27.1396296Z,575.6406975,1 D: C:,41396,15770,99,1,0,0,28
2026-09-13T00:09:29.7377891Z,578.238875,0 E:,0,520739,5,95,1,1,28
2026-09-13T00:09:29.7377891Z,578.238875,1 D: C:,378719,126239,98,2,1,0,28
2026-09-13T00:09:32.3395513Z,580.8409515,0 E:,0,643186,2,98,1,1,21
2026-09-13T00:09:32.3395513Z,580.8409515,1 D: C:,15687,376499,99,1,0,0,21
2026-09-13T00:09:34.9922196Z,583.4940718,0 E:,0,289836,2,98,0,1,24
2026-09-13T00:09:34.9922196Z,583.4940718,1 D: C:,0,370347,99,1,0,0,24
2026-09-13T00:09:37.5895898Z,586.0905399,0 E:,0,672182,3,97,1,1,18
2026-09-13T00:09:37.5895898Z,586.0905399,1 D: C:,0,0,99,1,0,0,18
2026-09-13T00:09:40.1956744Z,588.6966527999999,0 E:,22430061,1162922,6,94,44,1,24
2026-09-13T00:09:40.1956744Z,588.6966527999999,1 D: C:,63721,2612592,99,1,1,0,24
2026-09-13T00:09:42.7681480Z,591.2693345,0 E:,0,0,100,0,0,0,18
2026-09-13T00:09:42.7681480Z,591.2693345,1 D: C:,61750,1126951,99,1,1,0,18
2026-09-13T00:09:45.3764397Z,593.8774493,0 E:,0,9931139,85,15,14,0,23
2026-09-13T00:09:45.3764397Z,593.8774493,1 D: C:,0,31984,99,1,0,1,23
2026-09-13T00:09:48.0043930Z,596.5058473,0 E:,0,0,99,1,0,0,30
2026-09-13T00:09:48.0043930Z,596.5058473,1 D: C:,0,0,99,1,0,0,30
2026-09-13T00:09:50.6326021Z,599.1338493999999,0 E:,0,3683001,98,2,1,0,33
2026-09-13T00:09:50.6326021Z,599.1338493999999,1 D: C:,0,77700,99,1,0,0,33
2026-09-13T00:09:53.2319744Z,601.7331257999999,0 E:,0,0,100,0,0,0,20
2026-09-13T00:09:53.2319744Z,601.7331257999999,1 D: C:,16100,611830,99,1,0,0,20
2026-09-13T00:09:55.8495805Z,604.3509236,0 E:,0,402536,98,2,9,0,33
2026-09-13T00:09:55.8495805Z,604.3509236,1 D: C:,772870,0,99,1,0,0,33
2026-09-13T00:09:58.4311631Z,606.9324594,0 E:,0,0,100,0,0,0,26
2026-09-13T00:09:58.4311631Z,606.9324594,1 D: C:,16099,740572,99,1,0,0,26
2026-09-13T00:10:01.0777844Z,609.5790539999999,0 E:,0,0,100,0,0,0,61
2026-09-13T00:10:01.0777844Z,609.5790539999999,1 D: C:,0,0,100,0,0,0,61
2026-09-13T00:10:03.6509847Z,612.1521066,0 E:,0,0,99,1,0,0,25
2026-09-13T00:10:03.6509847Z,612.1521066,1 D: C:,0,15630,99,1,0,0,25
2026-09-13T00:10:06.2287316Z,614.7299024,0 E:,0,0,99,1,0,0,19
2026-09-13T00:10:06.2287316Z,614.7299024,1 D: C:,32066,641339,99,1,0,0,19
2026-09-13T00:10:08.8179103Z,617.3189182,0 E:,0,0,99,1,0,0,24
2026-09-13T00:10:08.8179103Z,617.3189182,1 D: C:,64509,5580043,88,12,12,0,24
2026-09-13T00:10:11.4088280Z,619.9102095,0 E:,0,0,100,0,0,0,22
2026-09-13T00:10:11.4088280Z,619.9102095,1 D: C:,78383,2100687,98,2,1,0,22
2026-09-13T00:10:14.0360867Z,622.5370187999999,0 E:,0,0,100,0,0,0,43
2026-09-13T00:10:14.0360867Z,622.5370187999999,1 D: C:,0,0,100,0,0,0,43
2026-09-13T00:10:16.6143623Z,625.1159564,0 E:,0,0,99,1,0,0,28
2026-09-13T00:10:16.6143623Z,625.1159564,1 D: C:,0,470123,99,1,0,0,28
2026-09-13T00:10:19.2256748Z,627.7271436,0 E:,0,0,99,1,0,0,22
2026-09-13T00:10:19.2256748Z,627.7271436,1 D: C:,18394,688753,99,1,0,0,22
2026-09-13T00:10:21.8195896Z,630.3207378999999,0 E:,0,0,100,0,0,0,20
2026-09-13T00:10:21.8195896Z,630.3207378999999,1 D: C:,0,0,100,0,0,0,20
2026-09-13T00:10:24.4136646Z,632.9148835999999,0 E:,0,30996,86,14,0,0,36
2026-09-13T00:10:24.4136646Z,632.9148835999999,1 D: C:,0,123985,96,4,3,0,36
2026-09-13T00:10:27.0062733Z,635.5076487,0 E:,0,56197151,24,76,184,1,27
2026-09-13T00:10:27.0062733Z,635.5076487,1 D: C:,0,0,99,1,0,0,27
2026-09-13T00:10:29.5734462Z,638.0751667,0 E:,0,788601,56,44,0,1,22
2026-09-13T00:10:29.5734462Z,638.0751667,1 D: C:,0,193127,98,2,0,0,22
2026-09-13T00:10:32.2359623Z,640.7376654999999,0 E:,0,642449,9,91,1,1,30
2026-09-13T00:10:32.2359623Z,640.7376654999999,1 D: C:,0,0,100,0,0,0,30
2026-09-13T00:10:34.8108618Z,643.3129107999999,0 E:,0,733746,5,95,1,1,21
2026-09-13T00:10:34.8108618Z,643.3129107999999,1 D: C:,0,65221,99,1,0,0,21
2026-09-13T00:10:37.4408232Z,645.942139,0 E:,0,626469,6,94,1,0,19
2026-09-13T00:10:37.4408232Z,645.942139,1 D: C:,0,2457689,98,2,1,0,19
2026-09-13T00:10:40.0100992Z,648.5118272,0 E:,0,679574,10,90,1,1,11
2026-09-13T00:10:40.0100992Z,648.5118272,1 D: C:,61779,3922995,98,2,1,0,11
2026-09-13T00:10:42.6031985Z,651.1048284999999,0 E:,0,489919,2,98,1,1,33
2026-09-13T00:10:42.6031985Z,651.1048284999999,1 D: C:,79019,568938,99,1,0,0,33
2026-09-13T00:10:45.2225283Z,653.7237566,0 E:,0,595425,4,96,1,1,20
2026-09-13T00:10:45.2225283Z,653.7237566,1 D: C:,376058,188029,98,2,1,0,20
2026-09-13T00:10:47.8193548Z,656.3205866,0 E:,0,325533,40,60,0,0,19
2026-09-13T00:10:47.8193548Z,656.3205866,1 D: C:,0,32553,99,1,0,0,19
2026-09-13T00:10:50.4423304Z,658.9433533,0 E:,0,266470,78,22,0,1,15
2026-09-13T00:10:50.4423304Z,658.9433533,1 D: C:,0,626990,99,1,0,0,15
2026-09-13T00:10:53.0529643Z,661.5545356,0 E:,0,396313,2,98,1,1,13
2026-09-13T00:10:53.0529643Z,661.5545356,1 D: C:,0,0,99,1,0,0,13
2026-09-13T00:10:55.6021603Z,664.1036141999999,0 E:,0,0,99,1,0,0,19
2026-09-13T00:10:55.6021603Z,664.1036141999999,1 D: C:,0,209417,99,1,0,0,19
2026-09-13T00:10:58.2091610Z,666.7104727999999,0 E:,0,69430536,0,100,125,1,21
2026-09-13T00:10:58.2091610Z,666.7104727999999,1 D: C:,0,0,100,0,0,0,21
2026-09-13T00:11:00.7872168Z,669.2888217999999,0 E:,0,666341,2,98,1,1,23
2026-09-13T00:11:00.7872168Z,669.2888217999999,1 D: C:,0,30992,99,1,0,0,23
2026-09-13T00:11:03.4004097Z,671.9014019,0 E:,0,1888322,0,100,291,2,21
2026-09-13T00:11:03.4004097Z,671.9014019,1 D: C:,0,1439459,95,5,3,0,21
2026-09-13T00:11:05.9798741Z,674.4816811,0 E:,0,686640,3,97,1,1,20
2026-09-13T00:11:05.9798741Z,674.4816811,1 D: C:,0,1596837,98,2,4,0,20
2026-09-13T00:11:08.5790709Z,677.0804892,0 E:,0,675429,3,97,1,1,19
2026-09-13T00:11:08.5790709Z,677.0804892,1 D: C:,0,273388,99,1,0,0,19
2026-09-13T00:11:11.1917872Z,679.6928176,0 E:,0,742787,2,98,1,1,36
2026-09-13T00:11:11.1917872Z,679.6928176,1 D: C:,0,0,100,0,0,0,36
2026-09-13T00:11:13.7734644Z,682.2749938,0 E:,0,1319716,1,99,23,1,17
2026-09-13T00:11:13.7734644Z,682.2749938,1 D: C:,0,12569497,98,2,0,0,17
2026-09-13T00:11:16.3601206Z,684.8611688,0 E:,0,16186,99,1,0,0,38
2026-09-13T00:11:16.3601206Z,684.8611688,1 D: C:,469410,16186,96,4,2,0,38
2026-09-13T00:11:18.9267000Z,687.4290535,0 E:,0,4877751,97,3,3,0,56
2026-09-13T00:11:18.9267000Z,687.4290535,1 D: C:,15992,0,99,1,0,0,56
2026-09-13T00:11:21.4867278Z,689.9881084,0 E:,474207,114463,27,73,73,0,25
2026-09-13T00:11:21.4867278Z,689.9881084,1 D: C:,0,441503,99,1,0,0,25
2026-09-13T00:11:24.0638012Z,692.5658685,0 E:,0,3477413,87,13,26,0,52
2026-09-13T00:11:24.0638012Z,692.5658685,1 D: C:,0,0,99,1,0,0,52
2026-09-13T00:11:26.6317594Z,695.1336299,0 E:,0,44140037,0,100,1265,3,69
2026-09-13T00:11:26.6317594Z,695.1336299,1 D: C:,65175,221840759,92,8,7,0,69
2026-09-13T00:11:29.2555976Z,697.7569467999999,0 E:,0,59263261,0,100,101,1,52
2026-09-13T00:11:29.2555976Z,697.7569467999999,1 D: C:,2145570,5997845,98,2,2,0,52
2026-09-13T00:11:31.8483236Z,700.3499261999999,0 E:,0,0,0,100,0,1,14
2026-09-13T00:11:31.8483236Z,700.3499261999999,1 D: C:,0,1217435,98,2,1,0,14
2026-09-13T00:11:34.4827657Z,702.9840187,0 E:,0,33624143,0,100,30,1,25
2026-09-13T00:11:34.4827657Z,702.9840187,1 D: C:,33094,702774,99,1,0,0,25
2026-09-13T00:11:37.0583696Z,705.5601369,0 E:,0,0,0,100,0,3,32
2026-09-13T00:11:37.0583696Z,705.5601369,1 D: C:,0,185585,89,11,10,0,32
2026-09-13T00:11:39.6411474Z,708.1428050999999,0 E:,15556,3733554,5,95,7,6,18
2026-09-13T00:11:39.6411474Z,708.1428050999999,1 D: C:,77782,575589,98,2,0,0,18
2026-09-13T00:11:42.1937192Z,710.6951290999999,0 E:,0,12856484,91,9,23,1,25
2026-09-13T00:11:42.1937192Z,710.6951290999999,1 D: C:,0,0,99,1,0,0,25
2026-09-13T00:11:44.7988528Z,713.2999893,0 E:,0,122092598,0,100,101,1,33
2026-09-13T00:11:44.7988528Z,713.2999893,1 D: C:,15897,572309,99,1,0,0,33
2026-09-13T00:11:47.4082124Z,715.909401,0 E:,0,19107118,19,81,5873,1,50
2026-09-13T00:11:47.4082124Z,715.909401,1 D: C:,0,0,99,1,0,0,50
2026-09-13T00:11:49.9874266Z,718.4885805,0 E:,0,2384600,1,99,11,1,14
2026-09-13T00:11:49.9874266Z,718.4885805,1 D: C:,0,644486,98,2,1,0,14
2026-09-13T00:11:52.5570725Z,721.0585775,0 E:,16186,1246338,2,98,7,1,19
2026-09-13T00:11:52.5570725Z,721.0585775,1 D: C:,0,80931,99,1,0,0,19
2026-09-13T00:11:55.1520126Z,723.6532824,0 E:,0,0,100,0,0,0,18
2026-09-13T00:11:55.1520126Z,723.6532824,1 D: C:,0,3120230,99,1,0,0,18
2026-09-13T00:11:57.7339083Z,726.2350028,0 E:,0,568066,3,97,3,1,28
2026-09-13T00:11:57.7339083Z,726.2350028,1 D: C:,126236,3976464,98,2,2,0,28
2026-09-13T00:12:00.3409664Z,728.8421874,0 E:,0,994732,2,98,9,1,17
2026-09-13T00:12:00.3409664Z,728.8421874,1 D: C:,0,0,100,0,0,0,17
2026-09-13T00:12:02.9317043Z,731.4335664,0 E:,0,600828,1,99,9,1,21
2026-09-13T00:12:02.9317043Z,731.4335664,1 D: C:,0,32477,99,1,0,0,21
2026-09-13T00:12:05.5819738Z,734.0835,0 E:,0,729411,6,94,3,0,20
2026-09-13T00:12:05.5819738Z,734.0835,1 D: C:,0,0,100,0,0,0,20
2026-09-13T00:12:08.1811397Z,736.6830676999999,0 E:,0,574138,3,97,2,0,14
2026-09-13T00:12:08.1811397Z,736.6830676999999,1 D: C:,0,0,99,1,0,0,14
2026-09-13T00:12:10.7791523Z,739.2809947999999,0 E:,0,758077,1,99,73,7,16
2026-09-13T00:12:10.7791523Z,739.2809947999999,1 D: C:,15793,1121322,97,3,1,0,16
2026-09-13T00:12:13.3640312Z,741.8652823,0 E:,96432,787535,3,97,12,1,18
2026-09-13T00:12:13.3640312Z,741.8652823,1 D: C:,0,0,99,1,0,0,18
2026-09-13T00:12:15.9659729Z,744.4674368,0 E:,0,11243823,0,100,14,2,27
2026-09-13T00:12:15.9659729Z,744.4674368,1 D: C:,0,47375,99,1,0,0,27
2026-09-13T00:12:18.5260277Z,747.0270823999999,0 E:,0,733138,1,99,2,1,15
2026-09-13T00:12:18.5260277Z,747.0270823999999,1 D: C:,0,0,99,1,0,0,15
2026-09-13T00:12:21.0964304Z,749.5974494,0 E:,0,653983,0,100,86,1,29
2026-09-13T00:12:21.0964304Z,749.5974494,1 D: C:,31142,591699,99,1,0,0,29
2026-09-13T00:12:23.6505847Z,752.1518665,0 E:,0,532866,0,100,74,1,21
2026-09-13T00:12:23.6505847Z,752.1518665,1 D: C:,0,1162617,98,2,7,0,21
2026-09-13T00:12:26.2325405Z,754.7339585999999,0 E:,0,592524,1,99,5,1,39
2026-09-13T00:12:26.2325405Z,754.7339585999999,1 D: C:,0,233891,98,2,1,0,39
2026-09-13T00:12:28.7980759Z,757.2995778999999,0 E:,0,0,99,1,0,0,14
2026-09-13T00:12:28.7980759Z,757.2995778999999,1 D: C:,0,145223,99,1,0,0,14
2026-09-13T00:12:31.3695676Z,759.8717938,0 E:,0,31550,99,1,0,0,32
2026-09-13T00:12:31.3695676Z,759.8717938,1 D: C:,0,63101,98,2,0,0,32
2026-09-13T00:12:33.9541892Z,762.4559366,0 E:,721361,77405188,1,99,201,1,34
2026-09-13T00:12:33.9541892Z,762.4559366,1 D: C:,94090,846815,98,2,1,0,34
2026-09-13T00:12:36.5260404Z,765.0273612,0 E:,270097,0,94,6,6,0,22
2026-09-13T00:12:36.5260404Z,765.0273612,1 D: C:,254209,79440,99,1,0,0,22
2026-09-13T00:12:39.0891361Z,767.5901911999999,0 E:,2621978,257372,61,39,25,0,23
2026-09-13T00:12:39.0891361Z,767.5901911999999,1 D: C:,160857,852545,99,1,0,0,23
2026-09-13T00:12:41.6886918Z,770.190222,0 E:,0,581685,2,98,4,1,14
2026-09-13T00:12:41.6886918Z,770.190222,1 D: C:,0,361588,99,1,0,0,14
2026-09-13T00:12:44.2565961Z,772.7577587999999,0 E:,10445560,637522,1,99,204,3,41
2026-09-13T00:12:44.2565961Z,772.7577587999999,1 D: C:,310587,441361,98,2,2,0,41
2026-09-13T00:12:46.8596077Z,775.3610692,0 E:,0,814453,8,92,3,0,84
2026-09-13T00:12:46.8596077Z,775.3610692,1 D: C:,15662,1801196,99,1,0,0,84
2026-09-13T00:12:49.4414389Z,777.9425116,0 E:,15553,26517870,64,36,25,1,22
2026-09-13T00:12:49.4414389Z,777.9425116,1 D: C:,0,124424,99,1,0,0,22
2026-09-13T00:12:52.0093934Z,780.5105672,0 E:,0,173282,61,39,1,0,47
2026-09-13T00:12:52.0093934Z,780.5105672,1 D: C:,0,157529,98,2,0,0,47
2026-09-13T00:12:54.5730057Z,783.0739884,0 E:,0,0,99,1,0,0,50
2026-09-13T00:12:54.5730057Z,783.0739884,1 D: C:,110620,126146,99,1,0,0,50
2026-09-13T00:12:57.1441160Z,785.6453762,0 E:,0,0,100,0,0,0,53
2026-09-13T00:12:57.1441160Z,785.6453762,1 D: C:,0,63965,98,2,1,0,53
2026-09-13T00:12:59.7088686Z,788.209795,0 E:,0,0,100,0,0,0,51
2026-09-13T00:12:59.7088686Z,788.209795,1 D: C:,17609,502862,99,1,0,0,51
2026-09-13T00:13:02.3307904Z,790.8320223,0 E:,15639,124613136,0,100,104,1,32
2026-09-13T00:13:02.3307904Z,790.8320223,1 D: C:,0,0,100,0,0,0,32
2026-09-13T00:13:04.9013508Z,793.40261,0 E:,0,18042202,14,86,19,0,18
2026-09-13T00:13:04.9013508Z,793.40261,1 D: C:,16094,160947,61,39,140,0,18
2026-09-13T00:13:07.4973831Z,795.9986103,0 E:,1169111,410768,4,96,15,1,18
2026-09-13T00:13:07.4973831Z,795.9986103,1 D: C:,0,63195,99,1,0,0,18
2026-09-13T00:13:10.0605283Z,798.5615915999999,0 E:,0,0,99,1,0,0,33
2026-09-13T00:13:10.0605283Z,798.5615915999999,1 D: C:,258054,4225641,99,1,1,0,33
2026-09-13T00:13:12.6300852Z,801.1318027,0 E:,0,0,99,1,0,0,29
2026-09-13T00:13:12.6300852Z,801.1318027,1 D: C:,0,3178697,129,0,1,0,29
2026-09-13T00:13:15.1925791Z,803.693554,0 E:,0,16182,99,1,0,0,24
2026-09-13T00:13:15.1925791Z,803.693554,1 D: C:,0,145645,95,5,4,1,24
2026-09-13T00:13:17.7739024Z,806.2748838,0 E:,0,28010061,0,100,86,2,22
2026-09-13T00:13:17.7739024Z,806.2748838,1 D: C:,0,406622,99,1,0,0,22
2026-09-13T00:13:20.4273817Z,808.9291609999999,0 E:,0,823100,5,95,14,1,27
2026-09-13T00:13:20.4273817Z,808.9291609999999,1 D: C:,1108019,0,95,5,4,0,27
2026-09-13T00:13:23.0349341Z,811.5358989,0 E:,0,5041114,0,100,117,2,16
2026-09-13T00:13:23.0349341Z,811.5358989,1 D: C:,248177,341244,99,1,0,0,16
2026-09-13T00:13:25.6313936Z,814.1330233,0 E:,309508,201180,0,100,513,6,26
2026-09-13T00:13:25.6313936Z,814.1330233,1 D: C:,139279,882100,98,2,0,0,26
2026-09-13T00:13:28.2250570Z,816.7260597999999,0 E:,15792,363220,1,99,7,1,17
2026-09-13T00:13:28.2250570Z,816.7260597999999,1 D: C:,0,15792,100,0,0,0,17
2026-09-13T00:13:30.8098401Z,819.3111653,0 E:,159583,750042,0,100,262,3,30
2026-09-13T00:13:30.8098401Z,819.3111653,1 D: C:,0,574500,98,2,0,0,30
2026-09-13T00:13:33.4172744Z,821.9186166999999,0 E:,15489,70585090,0,100,348,1,14
2026-09-13T00:13:33.4172744Z,821.9186166999999,1 D: C:,0,92936,99,1,0,0,14
2026-09-13T00:13:36.0527586Z,824.5542078999999,0 E:,15744,100212717,0,100,274,3,19
2026-09-13T00:13:36.0527586Z,824.5542078999999,1 D: C:,0,850194,98,2,1,0,19
2026-09-13T00:13:38.7333245Z,827.2347347,0 E:,47051,1976158,0,100,1029,11,29
2026-09-13T00:13:38.7333245Z,827.2347347,1 D: C:,0,47051,99,1,0,0,29
2026-09-13T00:13:41.3740990Z,829.8750828,0 E:,0,0,0,100,0,2,25
2026-09-13T00:13:41.3740990Z,829.8750828,1 D: C:,0,848987,99,1,1,0,25
2026-09-13T00:13:44.0063209Z,832.5080799,0 E:,0,162084417,0,100,463,2,13
2026-09-13T00:13:44.0063209Z,832.5080799,1 D: C:,126455,3287844,99,1,3,0,13
2026-09-13T00:13:46.6296377Z,835.1307442,0 E:,0,629809,0,100,150,1,21
2026-09-13T00:13:46.6296377Z,835.1307442,1 D: C:,236178,3038831,97,3,3,0,21
2026-09-13T00:13:49.2663933Z,837.7679214999999,0 E:,48188,562195,1,99,134,1,26
2026-09-13T00:13:49.2663933Z,837.7679214999999,1 D: C:,0,0,100,0,0,0,26
2026-09-13T00:13:51.8960887Z,840.3972609,0 E:,0,0,99,1,0,0,26
2026-09-13T00:13:51.8960887Z,840.3972609,1 D: C:,186665,0,99,1,0,0,26
2026-09-13T00:13:54.5546362Z,843.0558244,0 E:,0,0,99,1,0,0,17
2026-09-13T00:13:54.5546362Z,843.0558244,1 D: C:,338769,0,99,1,0,0,17
2026-09-13T00:13:57.1997969Z,845.7022529999999,0 E:,13077341,47324,6,94,172,1,20
2026-09-13T00:13:57.1997969Z,845.7022529999999,1 D: C:,15774,662543,99,1,0,0,20
2026-09-13T00:13:59.8098703Z,848.3110528,0 E:,4183848,0,74,26,24,1,23
2026-09-13T00:13:59.8098703Z,848.3110528,1 D: C:,79710,188584,99,1,0,0,23
2026-09-13T00:14:02.4094605Z,850.9117077,0 E:,553748,0,90,10,18,0,11
2026-09-13T00:14:02.4094605Z,850.9117077,1 D: C:,0,0,99,1,0,0,11
2026-09-13T00:14:05.0394299Z,853.5411828,0 E:,15727,534749,4,96,5,0,15
2026-09-13T00:14:05.0394299Z,853.5411828,1 D: C:,0,0,99,1,0,0,15
2026-09-13T00:14:07.6733153Z,856.175184,0 E:,0,0,99,1,0,0,21
2026-09-13T00:14:07.6733153Z,856.175184,1 D: C:,0,0,99,1,0,0,21
2026-09-13T00:14:10.3347034Z,858.8360088,0 E:,0,192518,44,56,0,0,23
2026-09-13T00:14:10.3347034Z,858.8360088,1 D: C:,0,0,100,0,0,0,23
2026-09-13T00:14:12.9010905Z,861.4024234999999,0 E:,258337,0,91,9,8,0,36
2026-09-13T00:14:12.9010905Z,861.4024234999999,1 D: C:,0,0,100,0,0,0,36
